Column,RELIANCE.NS Mean,TCS.NS Mean,RELIANCE.NS Std Dev,TCS.NS Std Dev,RELIANCE.NS Min,TCS.NS Min,RELIANCE.NS Max,TCS.NS Max
Close,1394.4789525082238,2467.8684210526317,19.29807193320226,87.75597837025123,1345.0,2356.0,1424.0,2637.39990234375
Volume,19370044.736842107,3475593.1578947366,6075154.2461626595,976203.0447638637,3971019.0,1284573.0,32495007.0,5843778.0
Daily Return %,-0.06269422652628248,-0.4969185989203757,1.5179320733136774,1.2461629875561702,-2.667889874971008,-3.474272661901945,3.301117056807623,2.0529371852097134
High-Low Gap,32.20528371710526,55.16312448601974,11.801352391579167,11.431643403313904,15.7000732421875,25.89990234375,59.4000244140625,73.800048828125
Open-Close Change,1.7421168277138157,-14.415797183388158,19.7902564805256,23.626275588337762,-34.7000732421875,-61.0,49.0,30.800048828125
